from,user_id,text,timestamp,experiment_id,bot_role,speaker_type
user,Ue8431db70845c091c2afe3cdc8b79265,我比較看好 Kristin。她來自競爭對手，有總體視野，而且很擅長公開演講，這對我們行銷部門很重要。,2025-09-01 17:30:52.135366,C3f3be906a481759b8f5c07c45e317fce,探究型AI,user
user,Ue8431db70845c091c2afe3cdc8b79265,我覺得 Suzanne 也不錯啊。她在我們公司待了18年，非常了解內部狀況。雖然會遲到，但很注重細節，能幫助團隊修復關係。,2025-09-01 17:30:58.064059,C3f3be906a481759b8f5c07c45e317fce,探究型AI,user
user,Ue8431db70845c091c2afe3cdc8b79265,我這邊資料顯示，Kristin 好像很會玩弄組織政治，這點有點讓我擔心。不過，她確實是很好的發言者。另外，Suzanne 善於處理公司內部的爭議，這也是個優點。,2025-09-01 17:31:03.324322,C3f3be906a481759b8f5c07c45e317fce,探究型AI,user
assistant,探究型AI,目前大家針對候選人的財務專業、領導能力與個人特質都有所討論。不過，關於兩位在國際視野或國際經驗方面的表現，還有沒有成員掌握相關資訊可以補充？,2025-09-01 17:31:05.712957,C3f3be906a481759b8f5c07c45e317fce,探究型AI,ai
user,Ue8431db70845c091c2afe3cdc8b79265,Kristin 的簡歷有寫她在 IBM 做過兩年銷售，應該算是不同產業的經驗吧？但國際經驗的部分我的資料沒有。,2025-09-01 17:31:34.123953,C3f3be906a481759b8f5c07c45e317fce,探究型AI,user
user,Ue8431db70845c091c2afe3cdc8b79265,我的資料顯示 Kristin 人際關係有點問題，有人抱怨她太專橫。這會影響團隊合作。,2025-09-01 17:31:38.732345,C3f3be906a481759b8f5c07c45e317fce,探究型AI,user
user,Ue8431db70845c091c2afe3cdc8b79265,Kristin 其實在歐洲也有兩年財務工作經驗，這就是國際視野。另外，Suzanne 的問題是不習慣肯定別人貢獻，這點會影響團隊士氣。,2025-09-01 17:31:44.857494,C3f3be906a481759b8f5c07c45e317fce,探究型AI,user
assistant,探究型AI,目前討論中已經有針對候選人的財務專業、領導合作能力、國際視野以及部分個人特質進行說明。不過，除了已經提到的細節外，還有沒有成員掌握關於他們其他正面特質（例如誠信、抗壓性等）或潛在優勢的相關資訊，可以進一步補充？,2025-09-01 17:31:47.123426,C3f3be906a481759b8f5c07c45e317fce,探究型AI,ai
user,Ue8431db70845c091c2afe3cdc8b79265,我只有 Nancy 的履歷，她之前在證券交易委員會工作過，應該也算是有外部經驗。,2025-09-01 17:32:06.472755,C3f3be906a481759b8f5c07c45e317fce,探究型AI,user
user,Ue8431db70845c091c2afe3cdc8b79265,Nancy 很注重細節，也完成過管理課程。雖然她跟 Suzanne 一樣不習慣肯定別人，但她對下屬要求高也很公平。,2025-09-01 17:32:12.258842,C3f3be906a481759b8f5c07c45e317fce,探究型AI,user
user,Ue8431db70845c091c2afe3cdc8b79265,我的資料也提到 Nancy 不肯定別人，但她很懂組織政治，而且發表過很多關於審計的文章，專業能力很強。,2025-09-01 17:32:17.088767,C3f3be906a481759b8f5c07c45e317fce,探究型AI,user
assistant,探究型AI,剛剛針對 Nancy 的財務專業、外部經驗以及個人特質有一些討論。不過，關於她的國際視野或跨國工作經驗，還有沒有成員有進一步的資訊可以提供？另外，除了目前提到的特質外，是否有其他候選人在誠信、抗壓性或其他正面特質方面的表現資料尚未被提出？,2025-09-01 17:32:19.624847,C3f3be906a481759b8f5c07c45e317fce,探究型AI,ai
user,Ue8431db70845c091c2afe3cdc8b79265,嗨，大家。我比較看好 Kristin。她來自競爭對手，有總體視野，而且很擅長公開演講，這對我們行銷部門很重要。,2025-09-01 17:41:34.414888,Cc458774f24ed0d9e4e2bbfe31489a38e,無介入AI,user
user,Ue8431db70845c091c2afe3cdc8b79265,我覺得 Suzanne 也不錯啊。她在我們公司待了18年，非常了解內部狀況。雖然會遲到，但很注重細節，能幫助團隊修復關係。,2025-09-01 17:41:38.356693,Cc458774f24ed0d9e4e2bbfe31489a38e,無介入AI,user
user,Ue8431db70845c091c2afe3cdc8b79265,我這邊資料顯示，Kristin 好像很會玩弄組織政治，這點有點讓我擔心。不過，她確實是很好的發言者。另外，Suzanne 善於處理公司內部的爭議，這也是個優點。,2025-09-01 17:41:42.941333,Cc458774f24ed0d9e4e2bbfe31489a38e,無介入AI,user
assistant,無介入AI,提醒大家：本次任務的目標是推薦一位最適合擔任 CFO 的候選人。理想的 CFO 應具備專業財務能力、領導與合作經驗、國際視野，以及值得信任的個人特質。接下來請由各位成員自由討論。,2025-09-01 17:41:44.131894,Cc458774f24ed0d9e4e2bbfe31489a38e,無介入AI,ai
user,Ue8431db70845c091c2afe3cdc8b79265,Kristin 的簡歷有寫她在 IBM 做過兩年銷售，應該算是不同產業的經驗吧？但國際經驗的部分我的資料沒有。,2025-09-01 17:41:54.433181,Cc458774f24ed0d9e4e2bbfe31489a38e,無介入AI,user
user,Ue8431db70845c091c2afe3cdc8b79265,我的資料顯示 Kristin 人際關係有點問題，有人抱怨她太專橫。這會影響團隊合作。,2025-09-01 17:41:58.435301,Cc458774f24ed0d9e4e2bbfe31489a38e,無介入AI,user
user,Ue8431db70845c091c2afe3cdc8b79265,Kristin 其實在歐洲也有兩年財務工作經驗，這就是國際視野。另外，Suzanne 的問題是不習慣肯定別人貢獻，這點會影響團隊士氣。,2025-09-01 17:42:04.185712,Cc458774f24ed0d9e4e2bbfe31489a38e,無介入AI,user
assistant,無介入AI,（已完成任務，不再介入討論。）,2025-09-01 17:42:05.142060,Cc458774f24ed0d9e4e2bbfe31489a38e,無介入AI,ai
user,Ue8431db70845c091c2afe3cdc8b79265,我只有 Nancy 的履歷，她之前在證券交易委員會工作過，應該也算是有外部經驗。,2025-09-01 17:42:18.865246,Cc458774f24ed0d9e4e2bbfe31489a38e,無介入AI,user
user,Ue8431db70845c091c2afe3cdc8b79265,Nancy 很注重細節，也完成過管理課程。雖然她跟 Suzanne 一樣不習慣肯定別人，但她對下屬要求高也很公平。,2025-09-01 17:42:24.082941,Cc458774f24ed0d9e4e2bbfe31489a38e,無介入AI,user
user,Ue8431db70845c091c2afe3cdc8b79265,我的資料也提到 Nancy 不肯定別人，但她很懂組織政治，而且發表過很多關於審計的文章，專業能力很強。,2025-09-01 17:42:27.764933,Cc458774f24ed0d9e4e2bbfe31489a38e,無介入AI,user
assistant,無介入AI,（已完成任務，不再介入討論。）,2025-09-01 17:42:28.592622,Cc458774f24ed0d9e4e2bbfe31489a38e,無介入AI,ai
user,Ue8431db70845c091c2afe3cdc8b79265,我比較看好 Kristin。她來自競爭對手，有總體視野，而且很擅長公開演講，這對我們行銷部門很重要。,2025-09-01 17:34:28.372327,Cea0e2d7d140def9ce5c67cb8ed1fcee4,混合型AI,user
user,Ue8431db70845c091c2afe3cdc8b79265,我覺得 Suzanne 也不錯啊。她在我們公司待了18年，非常了解內部狀況。雖然會遲到，但很注重細節，能幫助團隊修復關係。,2025-09-01 17:34:34.515798,Cea0e2d7d140def9ce5c67cb8ed1fcee4,混合型AI,user
user,Ue8431db70845c091c2afe3cdc8b79265,我這邊資料顯示，Kristin 好像很會玩弄組織政治，這點有點讓我擔心。不過，她確實是很好的發言者。另外，Suzanne 善於處理公司內部的爭議，這也是個優點。,2025-09-01 17:34:39.685206,Cea0e2d7d140def9ce5c67cb8ed1fcee4,混合型AI,user
assistant,混合型AI,"目前整理如下：

1. **Kristin**  
   - 來自競爭對手，具備總體視野。  
   - 擅長公開演講，對行銷部門有幫助。  
   - 有組織政治操作的傾向，這部分讓部分成員有所顧慮。  
2. **Suzanne**  
   - 在公司服務18年，非常了解內部運作與狀況。  
   - 注重細節，能協助修復團隊關係，善於處理公司內部爭議。  
   - 有遲到的情況，但整體被認為對團隊氛圍有正面影響。

目前討論重點主要聚焦在候選人的領導合作、內外部關係處理與公開表達能力。

針對「優秀候選人應具備的條件」來看，是否還需要進一步考量兩位候選人在財務專業或國際視野方面的經歷？另外，還有沒有成員知道她們是否展現出其他正面特質，例如誠信或主動性？",2025-09-01 17:34:45.529642,Cea0e2d7d140def9ce5c67cb8ed1fcee4,混合型AI,ai
user,Ue8431db70845c091c2afe3cdc8b79265,Kristin 的簡歷有寫她在 IBM 做過兩年銷售，應該算是不同產業的經驗吧？但國際經驗的部分我的資料沒有。,2025-09-01 17:35:08.361504,Cea0e2d7d140def9ce5c67cb8ed1fcee4,混合型AI,user
user,Ue8431db70845c091c2afe3cdc8b79265,我的資料顯示 Kristin 人際關係有點問題，有人抱怨她太專橫。這會影響團隊合作。,2025-09-01 17:35:12.843137,Cea0e2d7d140def9ce5c67cb8ed1fcee4,混合型AI,user
user,Ue8431db70845c091c2afe3cdc8b79265,Kristin 其實在歐洲也有兩年財務工作經驗，這就是國際視野。另外，Suzanne 的問題是不習慣肯定別人貢獻，這點會影響團隊士氣。,2025-09-01 17:35:18.212318,Cea0e2d7d140def9ce5c67cb8ed1fcee4,混合型AI,user
assistant,混合型AI,"目前彙整如下：

**Kristin**  
- 來自競爭對手，具備總體視野。  
- 擅長公開演講，在行銷相關領域表現突出。  
- 曾於 IBM 擔任兩年銷售，具備跨產業經驗。  
- 有歐洲兩年財務工作經驗，展現國際視野及財務專業。  
- 有人際關係與團隊合作上的疑慮（如：過於專橫、擅長組織政治）。  

**Suzanne**  
- 在公司服務18年，熟悉內部運作。  
- 注重細節，善於處理公司內部爭議與修復團隊關係。  
- 有遲到的情況，且被提及較少肯定他人貢獻，可能影響團隊士氣。  

目前討論已涵蓋部分財務專業、國際視野、領導合作與部分正面特質（如細心、公開表達能力）。

是否還需要考量兩位候選人在誠信、主動性或其他正面特質上的具體表現？或者，有沒有成員掌握她們在實際財務專案領導上的成功案例？",2025-09-01 17:35:24.860434,Cea0e2d7d140def9ce5c67cb8ed1fcee4,混合型AI,ai
user,Ue8431db70845c091c2afe3cdc8b79265,我只有 Nancy 的履歷，她之前在證券交易委員會工作過，應該也算是有外部經驗。,2025-09-01 17:40:33.658575,Cea0e2d7d140def9ce5c67cb8ed1fcee4,混合型AI,user
user,Ue8431db70845c091c2afe3cdc8b79265,Nancy 很注重細節，也完成過管理課程。雖然她跟 Suzanne 一樣不習慣肯定別人，但她對下屬要求高也很公平。,2025-09-01 17:40:38.173190,Cea0e2d7d140def9ce5c67cb8ed1fcee4,混合型AI,user
user,Ue8431db70845c091c2afe3cdc8b79265,我的資料也提到 Nancy 不肯定別人，但她很懂組織政治，而且發表過很多關於審計的文章，專業能力很強。,2025-09-01 17:40:44.542718,Cea0e2d7d140def9ce5c67cb8ed1fcee4,混合型AI,user
assistant,混合型AI,"目前整理如下：

**Kristin**  
- 來自競爭對手，具備總體視野與行銷公開表達能力。  
- 有 IBM 兩年銷售（跨產業）經驗及歐洲兩年財務工作（國際視野、財務專業）。  
- 有人際與團隊合作上的疑慮（專橫、組織政治）。

**Suzanne**  
- 公司資深，熟悉內部流程，善於處理爭議。  
- 注重細節，能修復團隊關係，但容易遲到。  
- 較少肯定他人，可能影響士氣。

**Nancy**  
- 曾任職證券交易委員會，具備外部經驗。  
- 注重細節，完成管理課程。  
- 對下屬要求高且公平，但同樣不習慣肯定他人。  
- 懂組織政治，發表多篇審計專業文章，專業能力突出。

目前資訊涵蓋三位候選人的財務專業、領導合作、國際/外部經驗及部分正面特質（如細心、公平）。不過，在誠信和主動性，以及實際領導重大財務或跨部門專案的成功案例方面，資訊相對較少。

是否還有成員知道三位候選人在誠信、主動性或具體領導財務專案上的相關表現？這些面向是否需要進一步討論？",2025-09-01 17:40:51.601893,Cea0e2d7d140def9ce5c67cb8ed1fcee4,混合型AI,ai
user,Ue8431db70845c091c2afe3cdc8b79265,我比較看好 Kristin。她來自競爭對手，有總體視野，而且很擅長公開演講，這對我們行銷部門很重要。,2025-09-01 17:23:33.397305,Cfa78e0a4b7e9fb4bf8963e0621ea3208,整合型AI,user
user,Ue8431db70845c091c2afe3cdc8b79265,我覺得 Suzanne 也不錯啊。她在我們公司待了18年，非常了解內部狀況。雖然會遲到，但很注重細節，能幫助團隊修復關係。,2025-09-01 17:23:39.252090,Cfa78e0a4b7e9fb4bf8963e0621ea3208,整合型AI,user
user,Ue8431db70845c091c2afe3cdc8b79265,我這邊資料顯示，Kristin 好像很會玩弄組織政治，這點有點讓我擔心。不過，她確實是很好的發言者。另外，Suzanne 善於處理公司內部的爭議，這也是個優點。,2025-09-01 17:23:44.558367,Cfa78e0a4b7e9fb4bf8963e0621ea3208,整合型AI,user
assistant,整合型AI,目前討論中提到，Kristin 來自競爭對手，具備總體視野並擅長公開演講，這些特質對行銷部門有其價值。不過，也有成員關注到 Kristin 在組織政治方面的表現，認為這可能帶來風險。至於 Suzanne，已經有成員提及她在公司服務多年，對內部狀況十分了解，雖然有遲到的情況，但她注重細節且善於修復團隊關係與處理公司內部爭議。,2025-09-01 17:23:47.936924,Cfa78e0a4b7e9fb4bf8963e0621ea3208,整合型AI,ai
user,Ue8431db70845c091c2afe3cdc8b79265,Kristin 的簡歷有寫她在 IBM 做過兩年銷售，應該算是不同產業的經驗吧？,2025-09-01 17:24:20.214519,Cfa78e0a4b7e9fb4bf8963e0621ea3208,整合型AI,user
user,Ue8431db70845c091c2afe3cdc8b79265,我的資料顯示 Kristin 人際關係有點問題，有人抱怨她太專橫。這會影響團隊合作。,2025-09-01 17:24:25.219153,Cfa78e0a4b7e9fb4bf8963e0621ea3208,整合型AI,user
user,Ue8431db70845c091c2afe3cdc8b79265,Kristin 其實在歐洲也有兩年財務工作經驗。另外，Suzanne 的問題是不習慣肯定別人貢獻，這點會影響團隊士氣。,2025-09-01 17:24:40.520038,Cfa78e0a4b7e9fb4bf8963e0621ea3208,整合型AI,user
assistant,整合型AI,"目前討論中已經提到，Kristin 具備來自競爭對手的經驗，擁有總體視野與公開演講能力，曾在 IBM 擔任兩年銷售，並有歐洲兩年財務工作經驗，展現跨產業及國際經歷。但討論中也有成員提及她在人際關係上可能較為專橫，組織政治表現較強，這可能影響團隊合作。

關於 Suzanne，已有成員指出她在公司待了18年，熟悉內部狀況，注重細節，善於修復團隊關係及處理內部爭議。然而，也有成員提到她有遲到習慣，且不習慣肯定他人貢獻，這可能影響團隊士氣。",2025-09-01 17:24:44.570505,Cfa78e0a4b7e9fb4bf8963e0621ea3208,整合型AI,ai
user,Ue8431db70845c091c2afe3cdc8b79265,我只有 Nancy 的履歷，她之前在證券交易委員會工作過，應該也算是有外部經驗。,2025-09-01 17:25:01.838156,Cfa78e0a4b7e9fb4bf8963e0621ea3208,整合型AI,user
user,Ue8431db70845c091c2afe3cdc8b79265,Nancy 很注重細節，也完成過管理課程。雖然她跟 Suzanne 一樣不習慣肯定別人，但她對下屬要求高也很公平。,2025-09-01 17:25:12.340017,Cfa78e0a4b7e9fb4bf8963e0621ea3208,整合型AI,user
user,Ue8431db70845c091c2afe3cdc8b79265,我的資料也提到 Nancy 不肯定別人，但她很懂組織政治，而且發表過很多關於審計的文章，專業能力很強。,2025-09-01 17:25:14.398130,Cfa78e0a4b7e9fb4bf8963e0621ea3208,整合型AI,user
assistant,整合型AI,目前討論中提到，Nancy 具備在證券交易委員會的工作經驗，具備外部視野，並完成過管理課程。成員指出 Nancy 注重細節、對下屬要求高且公平，專業能力強，曾發表多篇與審計相關的文章，也了解組織政治。不過，已有成員提及 Nancy 不習慣肯定他人，這一點與 Suzanne 類似。,2025-09-01 17:25:19.404358,Cfa78e0a4b7e9fb4bf8963e0621ea3208,整合型AI,ai
